VehicleID,Amount (Million Naira)
VHL18518,7.418503779321267
VHL17149,3.745911792565521
VHL10927,2.543427037552406
VHL12909,8.524756052913071
VHL12348,2.1872931055843075
VHL10798,5.065011011063363
VHL11022,23.920694659874158
VHL12206,7.550506760091002
VHL11697,5.549045840817696
VHL12313,1.6465806056119976
VHL13411,3.966386815785417
VHL14334,1.070570663605848
VHL14302,2.2228054636666563
VHL13979,3.922721602433991
VHL12272,8.333925187125422
VHL15071,2.4665244110000573
VHL19166,9.436991541246059
VHL10471,14.126089802278027
VHL18431,9.725999855578042
VHL12325,2.8463407854084433
VHL15657,4.601650789915544
VHL13667,13.717015247540104
VHL18913,1.8723348992026019
VHL13273,6.957943558751106
VHL16576,4.802057612914583
VHL15506,3.1043360533959956
VHL10460,16.180157688267656
VHL16050,2.3837389527473083
VHL17918,4.5196438987364544
VHL12992,4.843576093841073
VHL10261,2.287130009361376
VHL18348,6.883314114015258
VHL11577,3.2414557342291865
VHL16957,1.2518437368003603
VHL16165,4.708772610004929
VHL11441,1.7102233670127984
VHL19990,1.6338130482701014
VHL14072,3.6907346937104486
VHL13637,18.055535461633923
VHL10757,8.585563730269346
VHL12657,8.244755190576305
VHL19939,2.367334177621839
VHL12094,3.5769867377779008
VHL17177,2.954530534531357
VHL16720,3.5118661719889643
VHL11478,3.8497166911869827
VHL14386,7.773707260348784
VHL11341,13.598598751611153
VHL18683,2.9200377541479923
VHL13430,6.694485627765358
VHL18932,3.471322791566169
VHL17505,3.5711729662696783
VHL16272,3.840839570546475
VHL14777,2.7331599064841168
VHL13186,4.064761694069764
VHL19383,2.011775987134707
VHL14605,4.06871467371206
VHL11440,5.334404059443128
VHL14303,3.4663333642781
VHL19478,2.5488826447232844
VHL17837,2.3520933011563434
VHL12824,2.4168374790594225
VHL17476,2.5216147124197
VHL18988,8.96639575425175
VHL19482,5.0146557627242725
VHL13263,1.7490940039990903
VHL17078,5.978493091397928
VHL19170,18.854471749956826
VHL18070,2.691583802938447
VHL18061,1.6862441669589725
VHL10726,1.5828380177021024
VHL19212,2.983037147152582
VHL13283,2.7535226549146734
VHL14023,6.402906466147025
VHL16973,4.286949064690321
VHL19653,2.370172028349603
VHL18605,3.771744683613
VHL13287,4.728673137822129
VHL15719,2.444647206128047
VHL19636,8.818630897495712
VHL11009,4.445836869663301
VHL18087,2.2537017148722733
VHL14422,14.548230968893005
VHL15789,10.667945109606316
VHL12369,4.004691418943882
VHL15812,11.744582094788441
VHL18767,13.4231607110358
VHL19271,3.1649496102701766
VHL17403,8.536177542836958
VHL12967,7.292891556941224
VHL19998,3.5231093085254157
VHL12336,5.924289713775662
VHL10328,2.8131319689977685
VHL18908,6.17959707993905
VHL11127,1.8193081893935197
VHL12655,3.0856268317380886
VHL19086,6.7885143698053465
VHL10384,5.4291461980076114
VHL15712,4.533991308033723
VHL11054,3.4897013263417564
VHL16505,9.84108036942484
VHL10534,0.800040266082101
VHL14120,7.282192494010903
VHL10206,9.669859022763887
VHL13595,3.254280031816144
VHL15887,3.2657021109144906
VHL12672,3.5494373287339904
VHL19770,25.57489653073071
VHL13026,11.953055048561854
VHL12635,17.09542879708189
VHL14014,3.113872322581566
VHL19238,2.333973872865678
VHL18156,2.493739222950288
VHL13087,2.1770013042987544
VHL13743,1.3857810909776882
VHL19323,10.118868634090221
VHL16129,3.2574832932141407
VHL17626,4.433384600595335
VHL14525,3.001896033611348
VHL15597,10.406167252059282
VHL19429,2.977789402393866
VHL14074,4.0949969646012665
VHL17422,7.501542570741459
VHL11861,9.050063271570586
VHL19828,3.4685485209292324
VHL14000,2.1449755480290476
VHL12312,3.3167266097341006
VHL16257,1.9338104257902144
VHL14859,3.1974098529148316
VHL16048,1.5612593585428605
VHL14039,4.301913447141858
VHL10296,3.479287902494869
VHL14949,3.1247989021278073
VHL17034,19.30496938711559
VHL17149,4.863859986884286
VHL19677,3.8382402962057824
VHL14433,3.743755580699177
VHL16582,2.6087564405521686
VHL10059,4.107052225194478
VHL17140,9.192767505075869
VHL10364,1.7042043408987424
VHL16932,2.3093127769869133
VHL18587,2.2479360958517125
VHL13635,9.517483680183432
VHL18371,3.953055160905609
VHL19622,4.435118982341759
VHL18669,1.9377512937566297
VHL17359,3.1724652748682436
VHL19788,7.398715154274012
VHL19078,3.6093561198848443
VHL12673,3.291652837340281
VHL17895,2.1535588393832805
VHL18950,3.352158907551962
VHL13562,5.745363781449565
VHL11306,5.040135520521169
VHL15496,13.791474730996615
VHL11927,5.061868999673128
VHL10392,6.083135323932029
VHL14124,4.09512451035742
VHL12586,4.026691321632467
VHL12895,1.8163233496039317
VHL18481,4.971820643789188
VHL11310,5.427811259652922
VHL15810,5.578834486278604
VHL16037,2.9379707598688114
VHL19627,20.93911893931347
VHL11152,10.033790579415765
VHL17698,18.098097370726528
VHL19815,9.803465660697428
VHL18192,5.2227283756756515
VHL19720,8.096039840863686
VHL11686,2.4030405569231794
VHL18649,2.2071957618207563
VHL12765,6.848868739862712
VHL10026,2.873880927570772
VHL11001,4.197331463653057
VHL13433,4.355271230003031
VHL17827,3.144119052743961
VHL12344,6.1819355275512535
VHL17308,17.55681343900348
VHL18722,8.848723798773477
VHL17199,7.194396169581687
VHL15338,15.78413006556072
VHL16946,5.920298555185939
VHL11039,4.6469942525753085
VHL18017,3.544036507855465
VHL15945,5.095814914003466
VHL14724,6.562407628657847
VHL15314,3.266476042878812
VHL14276,6.102801441514231
VHL17883,2.177485774959826
VHL14385,16.111076452434208
VHL18665,2.2386645556748026
VHL15936,3.241140066442172
VHL19518,5.3310636752230876
VHL13530,3.160254415260708
VHL17861,2.3893584237997834
VHL10966,3.6098025879217217
VHL11652,2.116600805590992
VHL16641,2.4316470176546856
VHL12017,2.6409676988617177
VHL14856,3.664577129508762
VHL16801,6.2762173033830875
VHL16814,6.187374659335374
VHL13748,15.30471318842254
VHL13104,4.461919007162399
VHL10022,2.666432281147565
VHL14787,7.379218653981463
VHL19015,12.317033957717808
VHL11089,8.499553276699867
VHL13873,4.119733938921571
VHL15486,10.729437061971296
VHL13253,5.178688112859217
VHL15232,12.643956449754619
VHL18914,2.6445177034525713
VHL14922,3.8543867915052283
VHL14541,1.6026098832710776
VHL15820,10.749568943891745
VHL10710,1.8843556261376058
VHL11752,17.836700381054886
VHL13868,3.9280305715193684
VHL17442,5.498398869167156
VHL14571,4.845426297401158
VHL17155,4.682965848896464
VHL11093,4.872811688927578
VHL18280,6.003352823209694
VHL18425,6.063508791844322
VHL10175,2.030171245434372
VHL15307,3.9852888121246353
VHL18062,3.792340918761286
VHL18972,11.074493589532135
VHL11185,2.69423561861083
VHL10343,2.899931604056249
VHL10450,3.487716792930526
VHL19621,9.674561873340675
VHL14502,6.236333603281425
VHL12768,2.1631560924273914
VHL19922,2.732151160112465
VHL10824,3.5406165215329892
VHL16646,2.010388145623039
VHL15462,11.004486535122174
VHL15801,3.2414557342291865
VHL10322,12.28522742250515
VHL15613,5.573094807600874
VHL17756,3.863323736364484
VHL16186,2.833631043212491
VHL19061,2.9983842474611
VHL13446,3.6175032714526396
VHL10599,1.817318625025647
VHL18255,1.8839837636933965
VHL17948,5.840862831980627
VHL17616,9.225554014795495
VHL17664,6.341188818214546
VHL18299,1.9914307346656819
VHL18959,2.5332775280868693
VHL10473,2.8952148592331666
VHL17271,9.158194050054172
VHL19798,16.243448254042768
VHL17935,4.569272885074689
VHL10245,5.172854423305862
VHL15041,22.290647853083545
VHL15001,8.400308981843967
VHL16287,2.909395302666424
VHL13974,3.165179038233524
VHL15764,4.031918617176418
VHL18888,3.319415072948286
VHL14882,7.987586572509484
VHL19424,3.0556765700179525
VHL13785,11.788511591889355
VHL10783,2.433792440436397
VHL19808,4.853442555195089
VHL18890,5.315695445759863
VHL13440,9.739852952698477
VHL13285,16.84954157333644
VHL18805,5.620165720306895
VHL18550,2.244060160593257
VHL10061,2.935053574518311
VHL18522,4.85893408442176
VHL16813,2.9493961546733027
VHL11036,8.075706861589282
VHL12107,4.871524768178878
VHL17826,1.5946460401419047
VHL14449,2.814394165829447
VHL14938,1.1710069080544856
VHL14098,13.838732423947842
VHL19241,11.325128155262309
VHL17856,19.799534572221262
VHL18900,2.0485919762717377
VHL11133,7.049230463854767
VHL11687,7.543989015905422
VHL12719,1.4121244281877723
VHL15531,4.567447431896578
VHL17329,6.906629890161168
VHL16806,3.1122259571721225
VHL11582,1.6034959965860789
VHL16362,3.349342831833386
VHL11119,2.092918477974895
VHL13806,7.315704221608675
VHL11733,2.6975308290880893
VHL18959,29.7868976465292
VHL17287,5.514096687929448
VHL11709,3.8400487575326245
VHL19793,3.045488339833894
VHL19880,6.168674770836314
VHL19964,9.073396097229681
VHL12784,4.046586666622991
VHL17371,10.320381222564006
VHL12439,1.5528027154540822
VHL16652,1.6421104515069842
VHL17836,9.824196830219654
VHL16597,7.7942951840192904
VHL18707,3.6439096291084283
VHL16683,7.965322209539056
VHL15365,4.89163744474113
VHL13507,8.506328125044018
VHL14459,18.45528461645521
VHL19300,2.231970537751237
VHL18418,6.002087868370764
VHL15350,5.686595199302555
VHL15927,2.7603465573834005
VHL12985,4.220100387445817
VHL10426,8.813826350246254
VHL10506,3.1355578905657224
VHL11042,18.821394259069592
VHL18043,2.1690252782622688
VHL16258,4.877588308805265
VHL19326,2.3242259534552785
VHL15424,8.513723256739485
VHL19014,4.5552405080494625
VHL11310,5.8777078869423205
VHL12927,2.4060325526700277
VHL10082,4.724889457297254
VHL10068,2.0435237352914117
VHL13660,5.6057373116513025
VHL18810,7.031155129860219
VHL17666,5.165026056507119
VHL18022,6.324068796612893
VHL11237,3.5714629996576264
VHL17240,3.3502089135150186
VHL13512,11.481379099475625
VHL10596,10.066814555675679
VHL10073,10.017574052283292
VHL13719,4.582716737770449
VHL10077,1.5998594883647068
VHL13151,12.509389833182233
VHL12499,2.5762330265108497
VHL18832,1.8909595793649736
VHL16790,6.013692671339603
VHL13880,3.903837682204311
VHL19448,5.824251604700047
VHL15860,10.26851852865866
VHL14538,2.870250496435946
VHL16505,3.6088095783572607
VHL11544,5.800390418574169
VHL19830,7.040643008309315
VHL10194,6.53845464542469
VHL15744,3.6867049841813193
VHL10957,7.394789424332861
VHL12568,3.6523110382407653
VHL19448,4.690071693598871
VHL14417,2.2176544002661926
VHL10368,2.884782198014529
VHL10806,7.758439598189423
VHL17414,4.740964997486564
VHL14892,1.6837135380063752
VHL17933,4.24017247165587
VHL15852,8.51137465909011
VHL10505,7.795178944766396
VHL18345,4.037183011294934
VHL13294,2.1274396978507113
VHL18253,4.923780992282473
VHL17152,5.855649221101919
VHL12883,14.36766062131745
VHL16101,2.1731456021768367
VHL15563,2.997756596580082
VHL10313,2.8898787035975113
VHL18291,5.196127959571191
VHL13553,5.230873766987724
VHL11440,4.854256163557216
VHL15887,8.67679217046864
VHL17489,7.074980006135597
VHL16271,4.568216323300193
VHL15007,9.304422552474481
VHL15329,5.177950022410962
VHL13826,3.5337143611916475
VHL11568,3.353318301128289
VHL13578,4.59599042841713
VHL16302,3.546581911320568
VHL12677,2.6423960379786315
VHL18866,12.336957628979956
VHL11976,14.021197078344619
VHL17817,4.855092161640171
VHL16893,7.857693552529577
VHL11075,2.655207880391095
VHL14865,2.480829378552471
VHL13535,5.386885287190397
VHL16299,5.503775050183252
VHL19327,1.89028472205982
VHL10055,6.939497065299219
VHL14258,3.2402107456113654
VHL11527,2.626534358305884
VHL17682,1.5208898192122378
VHL10073,1.3099578103356433
VHL14599,7.710098187256156
VHL15495,3.2958140617596525
VHL13387,1.3015556019821761
VHL19505,5.540837727274562
VHL16307,3.930056012104552
VHL11034,21.496937949259895
VHL13625,10.968240481065388
VHL19623,4.287915291155281
VHL10838,2.3360892929203674
VHL11711,12.244368158649904
VHL14148,2.5131463938640772
VHL15745,2.6730474647698825
VHL15705,1.8755869652504629
VHL14767,8.755036504922245
VHL10108,8.805344997879427
VHL17818,1.9859455899052256
VHL18324,2.100795311116565
VHL19741,16.708728476752857
VHL11815,2.756008549013964
VHL18939,2.3412412747364106
VHL18042,2.4006235736097525
VHL13176,6.53660815308888
VHL16859,4.2611779428129415
VHL14405,8.89548830932755
VHL14751,4.879118799707426
VHL18416,4.235817246151275
VHL13952,2.08253014847042
VHL14726,3.210765109522619
VHL11889,2.99860544325203
VHL12851,4.876824696632253
VHL12862,4.380383972069224
VHL14262,8.745567412506123
VHL13520,4.296157442889095
VHL14967,5.261102969216111
VHL14728,5.261482541829067
VHL15340,4.679567407741236
VHL14760,1.9630011614533107
VHL18498,8.643231114932396
VHL18440,5.32515695716008
VHL18477,2.497101337288572
VHL16456,5.42855831908398
VHL19596,2.707787491159633
VHL19616,4.474969238468871
VHL12885,16.846367011744753
VHL13080,2.7032980574840635
VHL10988,2.019189498730121
VHL16251,2.637551111052859
VHL16941,3.638329664593845
VHL19708,4.814854213446239
VHL13116,6.246862167300266
VHL17823,3.8061284439579466
VHL14587,9.132216003804519
VHL16807,5.361307956156764
VHL15706,3.532189523314166
VHL19568,1.7122548786852647
VHL12877,3.737662349649903
VHL16412,4.9965113285567915
VHL18036,67.96030977888054
VHL16860,6.358852337893972
VHL14755,2.6812258327209886
VHL19234,3.628576817806869
VHL13272,2.9921562471322747
VHL16892,1.9633094440658507
VHL17413,3.453488944483386
VHL18817,3.7840850259647283
VHL11681,4.618819681527396
VHL10192,5.937841898615206
VHL16374,4.195159736392828
VHL17630,1.7399297883850466
VHL15610,4.9436650557071
VHL11364,4.268847746178532
VHL13136,2.77435824490646
VHL10038,4.589654034871731
VHL12580,3.0624212523428334
VHL14253,3.5979299935043287
VHL17421,5.460573855292212
VHL15458,3.0711079380591455
VHL12574,1.776293819936282
VHL14109,3.878328229116785
VHL15943,6.133726827674055
VHL17404,3.532189523314166
VHL14940,5.851805739471425
VHL16625,4.991283107521868
VHL12066,9.040664383352576
VHL12899,7.914073976053056
VHL11652,4.282673641106273
VHL17554,13.605531654885095
VHL11567,6.195052047470203
VHL10163,7.797762301519287
VHL10355,3.8107710313207157
VHL12041,3.137262630324469
VHL13416,6.689525226994105
VHL15974,1.5992262944166293
VHL12082,6.372082890313629
VHL12319,1.0690063917435906
VHL12556,2.255591690736948
VHL18675,2.707355783733054
VHL13381,11.285982912019985
VHL14325,7.898153361814991
VHL15875,8.866957851411414
VHL10638,4.045106521935009
VHL10544,1.7958330809066527
VHL11654,2.3483551123903452
VHL14423,1.0219332407424535
VHL14569,2.7322917066583385
VHL15007,2.7656540776994865
VHL18221,6.199344747327715
VHL10785,5.399772495054494
VHL16546,3.0139131928410285
VHL19173,2.5959113811630563
VHL11731,3.0264672850836454
VHL18180,10.06870728527181
VHL19452,4.979490348599206
VHL16163,3.0413409855477527
VHL14877,3.6520983172142616
VHL10102,8.212364213636112
VHL16046,14.28340404519245
VHL13684,2.7364583462910703
VHL18749,16.254932931278983
VHL15304,7.7287150315415545
VHL10117,6.957725998694437
VHL19957,5.4504708818394745
VHL19132,5.383028901012749
VHL15383,2.9052768603942165
VHL10136,6.141722806808696
VHL17919,2.4451617770224527
VHL11444,3.1803716643884243
VHL18795,4.964861678106475
VHL12062,16.96489625017761
VHL15890,5.44563061738803
VHL17372,8.617325414493239
VHL12038,12.459551351391504
VHL19368,1.480844700980556
VHL10476,5.595880078786214
VHL14079,1.5471093551073245
VHL10401,3.9225714425107876
VHL12810,15.662821706608975
VHL19466,1.1963475378934842
VHL15757,3.352854981903299
VHL15894,2.5625147011038196
VHL18056,7.680631754368287
VHL16634,3.522524531818509
VHL16608,4.428711537074955
VHL19831,8.649602939434708
VHL13863,3.941945597197259
VHL11159,6.3416162066544715
VHL15412,2.7565838822329227
VHL10730,11.139496388677852
VHL17248,2.3101546255674608
VHL16421,4.49636364800279
VHL11328,4.008589865081783
VHL18439,7.134469491378427
VHL12340,7.220529895023172
VHL10461,2.4818262684832186
VHL15024,2.91505974168894
VHL11850,2.200031823379847
VHL16423,5.484248123761634
VHL16427,5.09732045594827
VHL13444,5.450912536185611
VHL16609,4.3367325005666455
VHL11522,4.003122288336537
VHL11433,8.838706612492446
VHL15853,1.5541862652811695
VHL14168,2.7492042468274813
VHL19004,3.342257329181615
VHL10827,1.9044527103429427
VHL19998,4.156346218862116
VHL14997,7.330270774879432
VHL15827,20.39150051692061
VHL18844,3.3765083174270187
VHL10076,2.276685921395006
VHL16342,8.272406306222337
VHL19420,2.885771620610655
VHL12762,1.3186566211817219
VHL16916,1.4001683102238238
VHL10660,3.381983737455248
VHL18142,6.267905835924706
VHL13721,3.7334287234357135
VHL18101,4.2385700103967725
VHL11732,10.56039202696843
VHL14351,3.9325139910444142
VHL16617,8.246446887370862
VHL13840,3.2592149026343478
VHL10596,3.0686208503251935
VHL19148,2.2517880418889646
VHL16845,13.343089880721289
VHL17262,6.554478802996111
VHL17801,2.2780885182023813
VHL18039,2.3534165334278785
VHL15369,4.180638089692649
VHL14483,4.822167343430534
VHL19700,2.8244389105783747
VHL15877,5.972467945268712
VHL15552,2.6392514834331844
VHL18756,4.044634663075911
VHL10301,3.5553531015004416
VHL17678,8.648514240879122
VHL17604,1.9421332953700965
VHL17969,16.03664372544311
VHL17089,3.4784752210354335
VHL13239,8.1058992061364
VHL12466,1.8558712595056754
VHL16020,8.77124160105095
VHL15014,2.827230095873473
VHL13302,15.289759557677717
VHL17986,5.994343519661713
VHL14724,5.315203586899583
VHL15147,10.188327094107743
VHL15325,5.243703878557883
VHL16131,1.3511451728687993
VHL14868,1.9782081613523963
VHL15382,3.5826386564532733
VHL12164,3.927059618538138
VHL11723,2.998356246862124
VHL14888,3.521594261385468
VHL17997,4.186515906683129
VHL11576,29.933547917942395
VHL16048,1.0367291461253192
VHL17795,5.233143423403737
VHL15642,7.573817906644545
VHL13953,3.743024292700441
VHL10189,3.934002722199653
VHL13338,1.933697314611607
VHL19247,21.79654588314151
VHL16429,3.8638729474942908
VHL10272,6.853927621548588
VHL12716,13.31045058816101
VHL12652,4.1166451501579875
VHL13545,3.6998637728890826
VHL11323,2.249070236813767
VHL15121,5.488409570533691
VHL17568,2.777346141525239
VHL11886,5.654656042065394
VHL17402,4.769241711005934
VHL10243,3.6994743158866674
VHL13407,5.126817504216595
VHL12149,2.3087757173782615
VHL11037,3.935430425045534
VHL17924,1.4890226125080925
VHL12180,20.97633137924415
VHL14683,2.8125038781893954
VHL18920,1.9651250283928445
VHL12024,1.2438538592838595
VHL13968,10.367050272117824
VHL11079,5.338985569523439
VHL14355,15.98192482453912
VHL11824,3.329780110871802
VHL19942,3.519339079069497
VHL12917,4.585980009621319
VHL15326,8.628541625243063
VHL13585,1.4542503455574312
VHL12069,4.604794763377084
VHL17056,4.473593207445725
VHL10515,2.3154087471956606
VHL16435,5.70532657117711
VHL17564,2.1408564358200763
VHL18798,5.756469345486138
VHL10222,3.8962444194834767
VHL17645,15.88820526536731
VHL10810,4.771282089766366
VHL14216,2.1597112919074157
VHL13799,4.409831588089363
VHL19965,6.769992508735785
VHL18568,7.21758751599982
VHL17957,2.5458190332408677
VHL11023,14.952562775369197
VHL17797,6.782334060207589
VHL16174,8.946975965527397
VHL15112,2.402058506953225
VHL10167,2.39033557798844
VHL18749,8.512832061268908
VHL16276,9.136050079748102
VHL15593,2.8701759059399423
VHL18474,1.6457573089697575
VHL13000,2.142647954661615
VHL10796,3.9648843717273765
VHL16443,14.585415567663437
VHL13954,6.815815037103526
VHL12761,4.3397311597223105
VHL17916,2.366156144321603
VHL13145,5.522535498754541
VHL19331,7.073036891008579
VHL15623,3.3002468290126408
VHL13922,5.66113870106263
VHL11222,1.7547411976249279
VHL15425,3.935852958564071
VHL19072,3.1050490796336003
VHL18649,4.516293590598913
VHL14730,1.6310322715475607
VHL12512,2.29890496126462
VHL18486,7.362651014128258
VHL13182,5.220781841843248
VHL19735,4.700913207162176
VHL13370,12.023713720579655
VHL15038,4.785817275079502
VHL13034,2.203056354483191
VHL16581,3.1765490372615988
VHL12113,4.655115353804591
VHL16914,3.7500977474676906
VHL18231,2.35086195779386
VHL14192,4.018666511460713
VHL10404,15.79724612845602
VHL10084,4.1848029114657574
VHL13855,5.156329168687984
VHL14027,3.9755127463996245
VHL16209,4.043520150446471
VHL11144,14.566361939139359
VHL18646,6.095146826760692
VHL16431,1.9645900029239314
VHL16873,4.026367531677273
VHL19594,3.69662693756408
VHL18630,6.2733418508412075
VHL17288,7.185522157046774
VHL13113,6.906605686974994
VHL18865,4.571575392191912
VHL18260,2.09391209700244
VHL13198,3.373732650726848
VHL11475,13.321135045123441
VHL18584,4.177029506982787
VHL14768,15.119610298407185
VHL16073,10.699298805717882
VHL15742,6.977124613494499
VHL18879,5.349593440092507
VHL12038,4.720404295668081
VHL19728,2.05140298972453
VHL17986,6.046290205417739
VHL18819,2.402474324828855
VHL12225,1.585582268356587
VHL19157,6.381649436515227
VHL19615,6.999184731944382
VHL17175,3.5260198349859673
VHL13050,3.1409297557288305
VHL13123,1.358755057250966
VHL16065,16.047876105330264
VHL12484,1.4534923461578217
VHL11338,4.507581955936227
VHL17289,3.3952453098925304
VHL15447,2.451313129040007
VHL18803,2.278784574444815
VHL18294,3.8911083413629894
VHL15133,2.6757937892560584
VHL10657,2.3418648130118997
VHL10619,3.6085606615127723
VHL17912,2.2228054636666563
VHL18164,2.5489165271046454
VHL14504,13.598008448849663
VHL18885,3.8551679120979285
VHL10118,2.6189774816560454
VHL17852,6.790379269252608
VHL18834,3.0006289599455314
VHL11508,1.5477295049877995
VHL17633,16.345154495141063
VHL15893,6.518205184123843
VHL14089,2.4363595336251187
VHL18800,16.976009893955805
VHL12314,1.6988436535410205
VHL18047,4.01627607070959
VHL11118,8.751520040061807
VHL17922,7.1318631526203635
VHL17121,2.0179374223211495
VHL13960,10.315455277264052
VHL15350,3.7071534236093107
VHL17939,13.013414600430783
VHL11888,8.54653551551064
VHL17044,3.727819843215978
VHL10290,2.0085135347882983
VHL19497,4.290405948379556
VHL17807,3.586894580863034
VHL11467,11.762193799116544
VHL14703,5.679704319076673
VHL17518,4.952281359161351
VHL19578,6.267978087858755
VHL10425,3.2020239142716393
VHL11304,2.549595144701711
VHL10086,2.1537570856494317
VHL19512,2.1712279594402646
VHL13350,5.125508023243103
VHL12694,14.397343255640271
VHL12838,15.821676548068368
VHL16255,2.092881877349442
VHL15196,9.561016329768307
VHL16844,2.602110694337271
VHL10977,2.6859405738497553
VHL18145,2.4438517485922198
VHL12297,3.304953980788967
VHL15274,6.924698454581183
VHL15478,4.284071928944035
VHL16940,4.4245802834263355
VHL14407,5.270727927814409
VHL19544,3.9768024360582097
VHL10519,6.457813322151223
VHL16928,9.59740996935107
VHL11692,1.331638307380508
VHL15180,1.8745745713034523
VHL19040,3.4788468112340674
VHL11628,3.3763612638564915
VHL19845,2.1900252528588418
VHL16574,16.581612904156625
VHL14807,2.04978526400903
VHL11188,4.018474577472392
VHL18077,8.932897910014514
VHL14836,4.767704304243631
VHL13406,5.700360003077552
VHL18365,1.8825655633070817
VHL18328,4.664036122674322
VHL14695,4.692452110891076
VHL12724,36.12604320607704
VHL10202,5.4056143634035845
VHL12815,19.38286221612814
VHL12630,2.5279866613731707
VHL14283,6.766423379750918
VHL18698,2.437692255622093
VHL10141,4.745336048892015
VHL16204,3.513557431955801
VHL11310,3.532709519014285
VHL18878,1.9544804989860054
VHL19310,4.285130071341093
VHL18219,2.064656222201389
VHL13108,3.8402478312376873
VHL14070,3.585190997084151
VHL16891,4.199635303663306
VHL10398,2.6010133144305754
VHL12755,8.34822292599868
VHL12995,3.9778917079447096
VHL12158,6.284351709148413
VHL17814,3.961152932815806
VHL15098,2.1885754426952935
VHL13066,4.457683021137333
VHL13362,2.33076549968258
VHL13443,1.8459430282292235
VHL18173,15.906355812378303
VHL16277,13.516531317641977
VHL17380,3.375612176809188
VHL18129,2.9267715837121377
VHL11891,1.6905720032066156
VHL11042,4.361110351702949
VHL16137,7.144194877351248
VHL13400,2.0370521048386414
VHL19399,2.998356246862124
VHL16723,3.8596445887975483
VHL12416,25.402227341122813
VHL10350,4.112353639268115
VHL13811,8.947473644480493
VHL13916,12.507141548978884
VHL11857,2.615833892465175
VHL12040,5.079206269218493
VHL10872,4.847659303156348
VHL14351,5.896490883661345
VHL18230,8.630472934102562
VHL14851,3.5737895943299756
VHL19426,3.50097778217519
VHL12795,4.939695116389192
VHL16882,4.983368764531481
VHL15924,2.370245936663698
VHL10807,4.202174196887029
VHL10611,4.39773052676369
VHL15296,12.699520392959192
VHL11333,2.0995521156872816
VHL18616,8.84186989984201
VHL15633,1.718245678857261
VHL15157,3.301713235423218
VHL16982,2.9853035784631814
VHL13879,3.5798302087517397
VHL17585,5.499768430751057
VHL13116,34.58541320856757
VHL16982,4.735794082842057
VHL18017,10.076071815527467
VHL19155,2.0795233466254373
VHL19997,1.215259878299778
VHL19660,2.284624374395128
VHL19990,3.4801239463540012
VHL13582,6.204382650779181
VHL15998,3.216674636321082
VHL13285,1.7011733970439669
VHL16586,6.422169269649551
VHL15120,1.3550901959942405
VHL14954,10.842674185989074
VHL18066,3.075027046915871
VHL13559,20.550868427000626
VHL14707,2.875057250882983
VHL12562,3.8982063249932493
VHL15527,4.153249442129938
VHL12878,12.57367638744527
VHL12507,19.331018578654234
VHL14699,3.677563754965867
VHL14730,4.352018529438069
VHL16614,5.06884851323939
VHL13024,7.459370302163504
VHL19915,5.315551218830988
VHL13101,2.6289591311993594
VHL13052,10.437538739020995
VHL19820,7.476047263000673
VHL11562,19.857503713363865
VHL16424,1.4207611409837657
VHL10876,5.91397752493691
VHL12199,10.680238195382003
VHL17320,3.575636606770923
VHL13599,1.4572910254111477
VHL15761,1.5592436463319816
VHL12114,1.4663080925651648
VHL14797,1.9916751934730215
VHL10360,5.308028934990444
VHL11344,3.7883560853027007
VHL13709,2.2977779697974103
VHL19962,1.4230077321939367
VHL11021,3.050484382595107
VHL11988,2.5232128787966155
VHL18459,4.457013638465769
VHL12547,5.346944514705975
VHL17688,3.686648528393208
VHL10267,3.635396885403167
VHL17363,10.929796921592146
VHL19946,6.303565017607591
VHL17698,2.356259618282697
VHL10234,3.695542163937623
VHL13897,2.0998616056278085
VHL13543,7.426354260197373
VHL11002,2.5656588819427415
VHL19102,1.818059905229542
VHL17633,12.602422131719692
VHL18124,3.863764762433791
VHL16120,4.983340930920275
VHL19186,3.2415372096543917
VHL18664,3.607139707793889
VHL17083,11.785964461372377
VHL13077,2.28412209793702
VHL17267,22.374248757988376
VHL18565,5.723683573666777
VHL13814,3.0609771936116825
VHL18967,15.900785102361422
VHL13503,1.6230159987097394
VHL13644,2.547250211324164
VHL17079,1.5212114003129655
VHL15239,7.011478381252817
VHL17245,8.571360285338887
VHL10153,11.155388483976495
VHL19693,4.4320530616402305
VHL10773,3.797138159851439
VHL11413,4.50164146860304
VHL10223,2.106475925137351
VHL18530,5.872626599978326
VHL12551,4.252407997309745
VHL17602,3.5868239643669697
VHL13375,6.735547111841051
VHL13337,5.830345338390675
VHL18551,4.507353492553143
VHL17882,1.8473142300986047
VHL17761,3.330852028245495
VHL12646,2.275338596867834
VHL15219,1.2435985132744878
VHL14365,7.854011141850651
VHL16915,1.3809435243262946
VHL10906,7.210390728351084
VHL13513,3.3999592920913337
VHL14542,4.80103726535739
VHL14200,7.327846853472421
VHL18013,2.329004747914681
VHL14772,3.5771054254745893
VHL13641,16.292865549686233
VHL15001,2.3571542534089813
VHL10409,14.538621251124965
VHL12698,3.347969474184776
VHL14128,3.785113181247778
VHL10621,1.9749576390164783
VHL13729,4.426908921884452
VHL16191,14.600820674864707
VHL11188,4.226754225877366
VHL14810,3.9667526252182923
VHL16357,5.624126780875135
VHL18353,5.910781042866583
VHL15843,2.2626704970714
VHL10210,2.420796492973124
VHL17457,2.168546247697614
VHL11022,3.1038132317082012
VHL16541,8.125488339307424
VHL17647,3.028315947748184
VHL11229,2.590051633360585
VHL17996,2.269710679018532
VHL17089,2.847023541665301
VHL19543,2.1113926634484956
VHL19715,6.214506980627313
VHL17944,3.7429385805305286
VHL16820,4.065646383988856
VHL14857,3.0592381039436143
VHL17512,4.431918821624892
VHL16649,8.129509341773026
VHL14838,3.72807518648136
VHL14568,2.3947932249849893
VHL17525,6.705278559863605
VHL16117,6.539555580237424
VHL13135,7.69795696112552
VHL19812,4.402265156567552
VHL17027,6.523880385146481
VHL14654,8.01434568190856
VHL12420,2.1402350950543045
VHL10360,5.585283546555745
VHL13629,3.9959644220034027
VHL16737,1.6595325117799544
VHL15446,5.508635128065929
VHL10946,1.607447547071708
VHL13953,1.352258688006723
VHL17303,8.704038487066006
VHL15447,5.21830911166964
VHL12854,3.840628648256126
VHL12567,7.666978585798438
VHL19137,2.804176333421012
VHL19411,24.59882959567933
VHL10923,9.933929057864422
VHL17236,4.341640282754836
VHL19462,11.252271754740736
VHL13097,2.3162737746269726
VHL19969,8.028241600130102
VHL11860,7.704480320713449
VHL18943,2.5135188517038087
VHL11672,3.820678330561212
VHL10815,3.7467606258265627
VHL16245,3.620112276147674
VHL14969,15.284559990129384
VHL19652,3.4931167978671525
VHL11330,2.771032126025335
VHL19827,2.487277819727024
VHL10484,10.968681635930801
VHL11394,2.2255399202667907
VHL18787,17.00925724608903
VHL11803,3.240954243215158
VHL12784,9.835523529287638
VHL17216,3.894732820082928
VHL10033,5.139343716841783
VHL11776,5.006294140808914
VHL14947,4.551856066789988
VHL17522,1.8212650500297538
VHL14197,1.256370958381242
VHL13071,1.5855434099808074
VHL17406,2.6036365112756945
VHL12174,3.497026533929332
VHL12440,2.3576763582014992
VHL12462,2.4330094472348334
VHL12158,3.6338046743963117
VHL14899,3.215948619195283
VHL11281,3.9001099090970306
VHL10913,4.056266599972231
VHL19630,3.3417410441005293
VHL19709,3.8624832087974434
VHL14819,4.391944574096913
VHL15381,3.7302221700977887
VHL14781,2.264914330243842
VHL18728,3.6968142436485905
VHL16520,2.3560840707981754
VHL10643,23.327294534370616
VHL19438,3.601687513050629
VHL14103,4.519362147260553
VHL19088,2.7787357371423385
VHL15456,3.9717453135747305
VHL16411,9.443622492163524
VHL19044,2.521809357390798
VHL15194,1.9884413225339543
VHL11490,2.7893377040786924
VHL13904,3.2206309450647588
VHL15148,3.9049112293293478
VHL10918,3.6517258444366214
VHL19119,7.908428090375645
VHL10313,10.866351144566996
VHL17176,4.338394669138191
VHL17166,2.4928617594999674
VHL11166,2.3177556866857323
VHL19144,9.214501401074331
VHL17259,22.00290508111643
VHL11965,12.809068111502825
VHL13791,10.153837275801461
VHL12309,5.335937899805144
VHL18687,2.663776133787817
VHL10199,9.378954655233583
VHL18562,5.523091340360958
VHL14042,3.9529680639207045
VHL19017,10.845746021521808
VHL18805,13.935159425729399
VHL18622,3.723304203854299
VHL14045,9.891236693956717
VHL17010,2.1367539067345267
VHL16993,2.1102724382034492
VHL16050,6.237277198029325
VHL16363,3.369094072620148
VHL10287,5.926757249625936
VHL19873,3.5035280023339768
VHL15450,6.34671017228971
VHL14789,2.3001666168972537
VHL14379,1.0996290944736802
VHL10911,3.6528806152838578
VHL10449,4.633078506885713
VHL19705,2.1464035897152214
VHL14766,7.1734480347161576
VHL16203,16.243250116544598
VHL14855,14.620305756874572
VHL14661,33.94835406981378
VHL19859,1.3860431834608673
VHL14028,2.688989435631661
VHL14991,2.1573246392405916
VHL15291,2.4060316524662517
VHL16047,3.2723978427105536
VHL12253,4.838997373502555
VHL10428,19.807260206854558
VHL15237,13.412149093221833
VHL16101,7.184177567047729
VHL16143,6.153063075602486
VHL10257,6.598844831526092
VHL16662,7.154395797569262
VHL19799,5.026886600638116
VHL14241,3.377274733207982
VHL17705,12.894048516955968
VHL17529,4.108081025428845
VHL15191,12.419896324577138
VHL17451,9.3492934220316
VHL17879,3.891587750748286
VHL19264,1.7788113775847663
VHL19009,2.9004081768421868
VHL10568,5.415215127227614
VHL19545,4.244506668074068
VHL16822,7.727462766168341
VHL10957,4.169735038691327
VHL15607,5.937307853518417
VHL12093,13.92149808811114
VHL19096,4.746758260986137
VHL18288,2.4684306215674834
VHL11310,8.864902254768577
VHL19333,2.769219777989818
VHL13823,4.18043156800038
VHL19965,3.4391794970653264
VHL16917,2.433187618852961
VHL11177,2.778801000588877
VHL16853,8.145075606276752
VHL18554,8.596194844135352
VHL18562,13.416148639709888
VHL10753,3.9692186462826085
VHL16804,12.274035907230724
VHL18774,12.721429580724726
VHL15561,5.396484992991713
VHL12265,5.205970704027214
VHL10021,2.307270269066488
VHL18216,3.552629862490805
VHL18297,11.785964461372377
VHL15781,1.912859738409518
VHL12134,3.911209932444913
VHL12909,2.403421981954377
VHL19963,15.533369616316492
VHL16014,4.205970245500693
VHL14675,4.962684418541899
VHL19999,2.1519964016937676
VHL15433,11.944865864835759
VHL12937,2.459114405858235
VHL11373,5.251738884172544
VHL17859,3.892673277576775
VHL10314,4.8314886310583764
VHL18773,6.183621337258333
VHL16942,3.781383044394714
VHL18334,2.469266535245547
VHL17910,2.050566137720223
VHL18494,22.924128530777647
VHL12860,13.913002739916468
VHL10204,15.630724661790348
VHL19924,3.4848761910721144
VHL13255,5.844477752910185
VHL12057,13.901975791850202
VHL19296,3.5412230087403223
VHL10104,2.09222135652646
VHL14185,1.6695374105630734
VHL15914,2.289406402843473
VHL11633,10.46220302034916
VHL10331,0.9331068165140094
VHL15981,2.5150512877658135
VHL18376,3.900115279131488
VHL14890,5.67251392215263
VHL14283,7.085818739459168
VHL15877,13.370921344894503
VHL10019,6.3604355580228065
VHL10439,23.025437742335942
VHL18436,12.259473849313121
VHL11989,3.7020375669228995
VHL19813,3.6589401369032495
VHL15869,2.84546616456005
VHL13464,4.217470241978395
VHL14974,5.036641369199816
VHL13446,2.222814620357338
VHL11326,3.9363064970477155
VHL12561,5.903408530791177
VHL12421,3.268935561248269
VHL15061,8.766293865019117
VHL16174,4.448635032292164
VHL14500,2.2495980751343834
VHL16937,5.758748755049997
VHL13576,16.491560860079865
VHL12458,3.1023425550950967
VHL11965,5.0702679499716
VHL11890,4.289509336975338
VHL14930,2.9915625545763627
VHL16445,5.721958297673067
VHL11308,2.693073694987882
VHL17652,7.2114012517499875
VHL13004,5.985995292318269
VHL10262,3.072869764232748
VHL13111,1.5200725237161836
VHL13568,2.458413467552817
VHL12606,4.244344413575592
VHL15786,12.159778018495977
VHL11054,3.6885160367431338
VHL15167,5.394825364514289
VHL14716,12.750661454958351
VHL11763,3.7851758494801566
VHL17885,2.2182516333242193
VHL16048,10.192696044223737
VHL17032,5.433441550517091
VHL10344,2.0291013886391283
VHL13463,8.114706197645608
VHL12903,4.138586961520621
VHL14551,5.798366348643598
VHL14763,4.139646579559854
VHL19270,3.7929086618184646
VHL12817,7.4552380658957755
VHL18354,1.8317142291492874
VHL12185,3.553819912413877
VHL14983,9.007644392252065
VHL15530,2.319618476814321
VHL15827,4.670195387250213
VHL14886,8.02530864068469
VHL17643,4.573284447337601
VHL16987,6.815113762124634
VHL14294,4.701230121423363
VHL16175,5.9412176460416966
VHL18639,3.53243419061967
VHL13640,2.199592244243997
VHL17895,2.230510385683323
VHL19307,4.126247977058763
VHL19436,3.6754355544314854
VHL19809,3.7028094136848786
VHL10638,7.27156049405434
VHL13859,1.6518645622063217
VHL11640,2.609483262776304
VHL13661,8.09399502817732
VHL15523,3.1480046663187657
VHL12838,3.8997805632318405
VHL11312,24.83100910013028
VHL12699,4.39614650985858
VHL14640,3.6069932539379814
VHL17666,14.614370496299491
VHL14903,3.4490299949687726
VHL13835,4.051837291788662
VHL15635,4.43295998744623
VHL19827,7.2142716336245005
VHL14808,15.820519849802048
VHL16208,8.319772193930314
VHL18605,3.234869919735863
VHL19751,4.140250872206588
VHL17664,9.325386052439594
VHL12588,4.988072351700386
VHL17702,3.386903917151929
VHL10842,5.402786915547008
VHL19609,13.224339183300803
VHL12767,1.6362271415838738
VHL13680,4.647333188090368
VHL13507,2.868298561195508
VHL16160,1.7190532422545322
VHL13555,1.330854846799312
VHL18088,6.443352516682805
VHL16428,6.183721028083841
VHL11278,1.827457526180988
VHL17567,5.213582845630377
VHL16715,2.027255496047813
VHL15486,7.488072960768477
VHL10286,1.799573973400911
VHL13344,5.559217445786008
VHL17544,2.2190517614483367
VHL12579,8.989188002251637
VHL19966,13.385415771849958
VHL12989,5.671558658674078
VHL18968,3.9688248363155774
VHL16423,2.9012508388445064
VHL15852,11.442345755620913
VHL16298,8.603891292740993
VHL13399,1.692987703378133
VHL11381,7.498108360330507
VHL18329,6.658855390785208
VHL13335,1.6006739179564249
VHL11885,4.383734102213598
VHL19284,3.188700850377079
VHL12612,4.204353880072354
VHL15522,2.1231917451120075
VHL16059,5.498846633621522
VHL10388,6.341137049391593
VHL10025,4.096182981237687
VHL14629,14.65760025998095
VHL10790,2.112883866245596
VHL17966,2.4743871415283727
VHL12843,1.9961012762465493
VHL11996,2.1778557857758143
VHL15688,2.4812546222118237
VHL13110,4.917430194499639
VHL19865,1.93573990319847
VHL13379,4.1770625235574075
VHL18639,3.296415923553743
VHL16928,3.8583122904777882
VHL11725,10.619492893214794
VHL11355,2.579187112906273
VHL17560,4.905694853945581
VHL11885,4.94817097490963
VHL12995,3.2473875621087047
VHL11751,3.2741962415113925
VHL14633,4.590141093117832
VHL16853,2.176707043331516
VHL14501,2.647461439514323
VHL13938,3.978776676781081
VHL12329,3.801663167513145
VHL10067,10.86961248939416
VHL19818,2.1524083219469134
VHL12785,9.495938510505523
VHL13874,3.0941206916459465
VHL18142,4.111535077745597
VHL14855,10.724695485877918
VHL12147,2.771032126025335
VHL15256,6.045175841794115
VHL13751,13.59210718091469
VHL17863,5.540837727274562
VHL13981,5.138188326552161
VHL18916,4.29209587399578
VHL19492,3.8651261297217494
VHL16004,5.6951446623091995
VHL15913,5.350859485919686
VHL16871,10.738156470919174
VHL11388,5.0220180982815545
VHL15019,2.5314889400059126
VHL11934,10.133390993170158
VHL19784,2.513965624414884
VHL12593,5.0398491600980595
VHL15836,15.232703060043866
VHL17034,8.821543175208612
VHL14607,16.258189955123406
VHL17105,4.193128996353487
VHL18773,3.414743786642492
VHL12684,9.32264410388143
VHL17154,2.1521955107753294
VHL10849,3.6168892943619624
VHL12067,3.031046145925196
VHL14247,2.3122196129935477
VHL18581,11.749082353754826
VHL18516,6.628963582979466
VHL17684,1.796921377481891
VHL17215,2.38972638979316
VHL15232,3.4946411262842565
VHL19310,10.078110257779525
VHL12120,3.2177625376882295
VHL15455,2.652546855606637
VHL10132,3.7803091280191685
VHL12356,3.1416693614652607
VHL16995,8.651925858684157
VHL15752,7.029645237730358
VHL12151,3.4409769360570466
VHL11902,11.853000289650907
VHL17808,2.443459466087306
VHL17592,3.0418232161207497
VHL16636,3.036090748088066
VHL11497,1.9336737751856117
VHL17774,4.600127429217566
VHL15919,3.3679585547248934
VHL15172,1.4398989285171555
VHL11820,1.4106950397296625
VHL13093,7.184686847835475
VHL17445,2.9965543791974723
VHL18989,15.9453327130378
VHL10713,1.637851187352139
VHL14240,4.108746571526858
VHL13501,3.1212629994524606
VHL18215,3.6289514376005996
VHL14878,3.5502827356129947
VHL19143,3.650964100824345
VHL10173,5.719231896800217
VHL16962,2.101874431336873
VHL15384,2.9422983324181473
VHL13844,4.533780539501424
VHL11998,1.5578170814030599
VHL10444,2.609148335847833
VHL19655,2.785074912639336
VHL18921,6.154470537276115
VHL11774,6.279847094975002
VHL15490,6.43309910688947
VHL18694,2.2968383715666727
VHL10360,2.4855278365986444
VHL18707,9.20479930925525
VHL15801,6.003170347864227
VHL17931,2.332479326028616
VHL16716,7.507043416845787
VHL11290,3.964672166655837
VHL18180,18.00032490759051
VHL19935,18.042358682119033
VHL16593,3.154525241187035
VHL17349,2.0196698816459167
VHL18705,3.911948936210616
VHL18527,4.424927989885851
VHL18577,3.331761338431665
VHL15369,8.24825430014419
VHL16140,2.4903594518982737
VHL11458,1.6881096923768832
VHL13652,1.7797551679325943
VHL13470,4.537046231993806
VHL17609,2.5275553642188515
VHL16953,1.4369193621980088
VHL19670,3.836359469577868
VHL16517,1.6528383714895427
VHL12631,4.826607710285574
VHL14338,3.6733629980344866
VHL13224,12.796514258013108
VHL19157,13.777959266392674
VHL10266,5.734028917249668
VHL11597,2.2401248774487783
VHL16219,4.041232815795742
VHL12828,4.799129402560199
VHL10364,7.888954752123117
VHL11875,5.724427408158534
VHL10185,7.696761177151434
VHL12097,4.015330473367693
VHL17691,2.500148227810438
VHL15092,1.537206044586756
VHL11628,5.663624003601049
VHL13662,18.09120086341423
VHL11486,9.404894923309273
VHL18373,4.247153214675163
VHL16605,20.98501930394659
VHL14670,9.349807649544363
VHL19579,0.8598156801722701
VHL15504,3.047306388341007
VHL18831,3.7639225596667694
VHL19404,15.282046978115456
VHL11218,10.599738014981558
VHL13869,17.296457181621705
VHL19846,5.464536073901595
VHL11677,2.903218375850711
VHL17416,4.653838038232157
VHL13175,3.1546656539445967
VHL17965,11.206414365153272
VHL19048,8.09371551410803
VHL18117,5.817645713423211
VHL16742,5.147426049886397
VHL10339,2.643361430192882
VHL14079,3.272695599575826
VHL17034,4.338798258689783
VHL15903,3.565136098425365
VHL14643,4.73398173853432
VHL19176,17.73694836341085
VHL16293,4.1831467287503985
VHL16573,11.978925553667626
VHL10615,16.14203899764228
VHL10834,2.3964082190401355
VHL13200,2.095412045955899
VHL18949,8.780483809055644
VHL14402,10.424831541334775
VHL16439,4.467511860992762
VHL14135,3.518867514662085
VHL10015,2.3389148411112552
VHL10388,3.2916523201922265
VHL17226,3.7934261242192746
VHL16884,29.088245882227916
VHL18216,7.6157860214669695
VHL19751,5.494093875197538
VHL11071,6.34671017228971
VHL16489,4.2054478592769
VHL12578,2.8837757480931265
VHL10582,21.73553107996904
VHL19617,4.082356850362867
VHL14437,4.916154362408892
VHL11749,4.462472640635587
VHL18131,7.018120986142584
VHL16700,3.7505553768488995
VHL14166,6.183621337258333
VHL19100,3.622418631480939
VHL11100,2.8852936995803597
VHL17954,7.949767028642357
VHL15065,7.1046726255701245
VHL14908,18.400006562209988
VHL11925,5.165528008008588
VHL12725,6.054642157543531
VHL17558,2.714409391764012
VHL12989,17.179269834089173
VHL11734,2.73663612368551
VHL15324,4.224707728437553
VHL19720,2.782258038993665
VHL17274,1.9763406869530769
VHL10206,23.43883723092558
VHL18355,2.1034137959853774
VHL16634,10.75657948704983
VHL15037,1.4948415864573488
VHL19446,5.868704542443724
VHL11255,5.020118173766316
VHL18968,1.96302797838062
VHL17262,2.787853556689336
VHL19635,4.954956410399623
VHL13636,3.659076649826173
VHL14827,3.7120912076883075
VHL13630,2.213112086745318
VHL18929,2.9379236645827658
VHL18493,6.006499832418962
VHL11970,4.303670417664494
VHL18557,8.817299931956896
VHL16603,3.7172524444271104
VHL10144,2.191124887735005
VHL19283,1.7947957940846606
VHL14957,1.275205520222507
VHL14521,15.026642788336286
VHL14631,5.546003318751893
VHL10741,3.871551432042314
VHL18773,2.528793888566051
VHL15546,9.46138600743914
VHL18796,4.801531916860286
VHL16777,2.1031893429247406
VHL12667,1.8152786296729928
VHL11806,4.4959532219971265
VHL16241,9.569363355635819
VHL11602,8.266050330491423
VHL10361,6.0695165899950965
VHL11563,7.189065279774577
VHL18781,4.860625532228314
VHL11605,2.5544288291954356
VHL17566,3.4469700449235616
VHL14925,6.266026235389921
VHL17378,10.2034227993928
VHL13933,6.485695723386992
VHL15621,4.200947109507469
VHL11212,4.8360333048503055
VHL17047,9.797709420456355
VHL18495,2.060403057475031
VHL11789,21.76436480082229
VHL18812,0.9030389291332609
VHL12003,2.0290519060274104
VHL17763,2.3335851124137594
VHL10234,4.508534840175537
VHL11820,4.864965114945554
VHL15612,5.329668903672506
VHL16969,3.8085863436299605
VHL15883,3.5062235722934583
VHL16910,10.398882832585329
VHL15537,27.52143178670003
VHL19483,2.417611058148521
VHL19061,8.4180002473196
VHL10122,11.793974860724452
VHL18413,6.127431048865949
VHL19153,2.7779218272341497
VHL16118,6.330265849675574
VHL11390,3.582194632900631
VHL15701,1.6010069696678353
VHL12322,4.012606740742928
VHL18493,6.921164824003552
VHL18230,4.265569807629204
VHL10567,2.405998032058624
VHL16862,6.2762173033830875
VHL12040,5.625739500574602
VHL13506,6.213943356891342
VHL13379,5.680886916944422
VHL16540,5.789357352602345
VHL14882,3.120340506341493
VHL16979,3.2875363821072954
VHL17108,19.152646192517103
VHL19862,7.4552790435159295
VHL19541,2.760716253820646
VHL16650,2.563593895069574
VHL18976,3.6117988717427423
VHL15984,9.938259941779643
VHL13017,4.19586259953756
VHL12807,3.819306501268997
VHL16571,2.0434097951287042
VHL18496,6.095932798318296
VHL19085,15.386963748507856
VHL15655,3.4913593070664932
VHL10274,4.283279640556712
VHL17927,5.140283219829877
VHL14169,2.3397170359527073
VHL10088,1.5174501262764892
VHL19133,0.9417822280519509
VHL10124,1.329223213574568
VHL17800,35.99162530953928
VHL12549,3.0147695992518466
VHL10900,3.139925957666404
VHL16654,0.9177173649236634
VHL15178,3.9153333033747955
VHL10370,3.5127969525666343
VHL19083,7.2682156716096955
VHL10667,8.545508151782965
VHL11177,2.7124068901736194
VHL19621,4.287915291155281
VHL19834,2.40420036596448
VHL18831,3.747505943060954
VHL16058,3.6943624596656504
VHL15327,1.510661180550665
VHL10566,3.1266816740367416
VHL15911,9.443980421508112
VHL18703,11.981888200584798
VHL19494,4.090131439016059
VHL16292,4.400387330548748
VHL12417,11.193855284009794
VHL16694,13.952485064026735
VHL16876,2.065365154224064
VHL10394,3.865922896784073
VHL18192,5.091783869658522
VHL18989,1.6810589950720711
VHL15531,1.9168379860111748
VHL19945,8.534207019724297
VHL15352,5.933789558893183
VHL10470,1.958580817606745
VHL12910,6.757367704509174
VHL19260,12.739193012855122
VHL18747,8.231873443963385
VHL10865,3.274603107610543
VHL10512,2.971013157251985
VHL19176,6.055024141156238
VHL18494,3.5217768043083604
VHL14953,2.8571676352699478
VHL18146,3.559150219082175
VHL10753,6.537144074867555
VHL13266,5.726256998071304
VHL18142,8.083740400090806
VHL12499,3.7584659658604727
VHL11132,4.119857107823744
VHL16161,2.366828391302732
VHL16332,4.447703397605645
VHL11947,8.687094924955357
VHL15516,1.7467727082080127
VHL15620,12.425858106284199
VHL11334,1.941876661485464
VHL14676,2.2894266723496566
VHL18063,9.642870997064898
VHL11305,3.4850187430336037
VHL17190,4.969665960813041
VHL19509,8.698467666430247
VHL13065,3.2392197732069548
VHL16948,1.4733096349144916
VHL18753,3.0678628123189724
VHL13306,4.164636955300004
VHL11296,2.7252507223920546
VHL14799,5.394040698543532
VHL16629,16.563964231360767
VHL12469,5.658747482433282
VHL14725,7.609261940939172
VHL15360,1.719640890713671
VHL12472,1.7315539453309043
VHL17694,3.2476680355850553
VHL19367,3.7673905794190716
VHL13921,8.797945361066748
VHL18424,4.792009080215462
VHL13215,9.772720124832578
VHL19720,9.774604075875171
VHL19474,3.832350869947979
VHL14718,14.383858906244779
VHL13614,5.477017924968612
VHL15761,1.5250277260992937
VHL15481,9.656686562811874
VHL10583,1.6857004985202697
VHL10999,4.337162389338547
VHL11387,3.866229044280927
VHL17201,3.0383414859821385
VHL11541,5.079414434411914
VHL11491,4.342929371092009
VHL13571,1.6419085356865508
VHL17798,3.6752426275916408
VHL11615,2.432269191388747
VHL17412,4.115925222334958
VHL17680,26.967486515063264
VHL13091,4.383734102213598
VHL13434,1.7002983685384057
VHL15052,5.528056034380903
VHL11742,2.785074912639336
VHL11925,3.284401048592443
VHL12016,2.1532991882705077
VHL17513,3.080954648167716
VHL10564,1.2738109736607564
VHL14087,2.659743645441878
VHL18246,9.478327755284742
VHL10468,9.033174341699672
VHL18823,3.0334043859240816
VHL10264,2.553673573826427
VHL15285,3.819306501268997
VHL16403,20.425883209552232
VHL14260,3.89191965612815
VHL16390,10.139440991061013
VHL14383,3.07108281159577
VHL12924,3.8878740945145203
VHL16793,2.5080968898187654
VHL19286,6.675444641593266
VHL11692,6.187374659335374
VHL19565,5.486999760965054
VHL12271,8.471341932675308
VHL16387,5.049326468467022
VHL10067,2.7665734532894923
VHL11055,8.732159942572006
VHL16282,4.298157540743885
VHL10373,1.9867315766603588
VHL13130,3.7988385064114363
VHL14791,4.377019179707207
VHL17669,16.18353618065826
VHL10245,3.0290914773916047
VHL13394,5.366448188880689
VHL13369,2.270336928017112
VHL12230,15.832939686432884
VHL15024,13.231387657118585
VHL15401,2.001627385824475
VHL17830,4.853442555195089
VHL16594,5.058314281852118
VHL13400,3.532434079145593
VHL13413,8.13290110848654
VHL11338,4.02266677406885
VHL12928,9.656026420667889
VHL14141,5.4570759691932595
VHL13196,34.352401939167045
VHL17193,15.215868833187972
VHL13848,2.8912070800937646
VHL15690,5.537032640712882
VHL14292,6.04107039702715
VHL10249,12.468017396063233
VHL16684,15.714545493920516
VHL13663,2.279508272166798
VHL16780,10.290369827046826
VHL15195,8.202279432962202
VHL19709,3.3745492972981475
VHL16300,4.039142838334837
VHL18402,3.2450257816167016
VHL10408,6.982392140329405
VHL17856,1.456586628909197
VHL12909,5.023831671429109
VHL17579,3.607084086289288
VHL14360,3.6415754017556994
VHL16170,2.8931476055450895
VHL11625,3.8646816451516335
VHL10141,3.0743656740220935
VHL13372,3.2806332167143153
VHL10702,9.697064566917026
VHL10168,4.385684430882465
VHL17506,2.1323236824752057
VHL19811,4.8115198270649255
VHL18898,2.7996075989519844
VHL14976,6.109244051724755
VHL19528,3.8875447758250474
VHL14747,1.1159419884726087
VHL12298,14.227573686262554
VHL12897,11.433410084594424
VHL14501,13.56920547768778
VHL19230,4.196542174943696
VHL17122,1.0485837538538365
VHL13093,2.0950859432699054
VHL13713,1.764102365703927
VHL10827,2.152337531093416
VHL14671,5.812794928901677
VHL19953,6.6195041910026
VHL14674,3.098877786774774
VHL19651,3.6125771803204243
VHL14860,24.18930605693661
VHL15452,3.583254763258826
VHL11031,2.998230925927231
VHL16763,3.324195322609608
VHL13764,8.26226891405353
VHL12562,3.8995311015582566
VHL11827,2.3154425095503184
VHL13929,2.825160214562376
VHL10039,6.200906913453511
VHL15009,3.650031719444113
VHL13821,7.5269551050607175
VHL14348,9.162271755125934
VHL16840,7.955876420079045
VHL12002,12.54276665352479
VHL10237,3.420344095773248
VHL18738,3.3390389369504794
VHL10568,2.4601831223105357
VHL19355,15.121003219721612
VHL16226,7.331692552699415
VHL16719,8.780896060889825
VHL14548,4.788410078265375
VHL16912,1.8179503331218865
VHL19505,5.666008078556575
VHL16442,3.4795682205929928
VHL16825,3.8715271789531664
VHL12658,4.706325397934351
VHL12481,5.880382494736207
VHL18658,7.237597365757287
VHL15493,13.331166669105347
VHL12577,47.07676791858
VHL13844,4.5480674579412375
VHL12544,2.324434241616488
VHL14450,27.146743969416473
VHL16818,5.206496858777152
VHL18694,3.5761078388379253
VHL13597,22.003536323378057
VHL15898,4.100623955950208
VHL18680,9.32764903115123
VHL12465,8.486257648187006
VHL12148,11.034029870800897
VHL19876,2.8412777607200086
VHL19612,5.049026943411486
VHL18169,5.480571589061666
VHL13267,2.2759270660491144
VHL14640,3.887959994745097
VHL15593,2.7938158798233843
VHL16387,4.644594713350921
VHL13148,2.5530074654664507
VHL11142,1.8549213600851544
VHL18659,3.142586461527462
VHL13899,5.604764683924967
VHL18985,6.151238157497275
VHL17250,3.6697261620616834
VHL17539,3.84097952639227
VHL18609,1.9382942905649436
VHL11948,2.0066751811398196
VHL11525,4.072360436303322
VHL12806,2.7780771027381066
VHL19564,2.2360022151121077
VHL19054,2.375259208934366
VHL18679,3.4101237925885086
VHL19665,14.184104499463402
VHL12463,1.4044797158341318
VHL10753,2.9375583149291082
VHL11312,7.787485799522488
VHL12620,1.5602194726162262
VHL17592,2.4580112841464756
VHL11746,8.80147060808505
VHL14332,5.037167756320757
VHL19959,4.066246958400796
VHL16741,3.819627902712187
VHL10763,3.1228959341102978
VHL17541,1.5313769206310455
VHL11701,3.6529530017439966
VHL10194,4.46192561548481
VHL13479,6.166469239682081
VHL15975,2.4266424811849743
VHL10231,2.8854317188158953
VHL18446,1.635432045298765
VHL19365,6.118744992740457
VHL12815,3.6994184152817993
VHL17210,3.663089155057645
VHL14273,4.919880793791751
VHL16001,2.502330839443505
VHL17232,4.150164102432045
VHL17877,3.4477644299475294
VHL13772,4.1547428831441495
VHL14502,2.5343978630121002
VHL12140,4.0880698530548
VHL12267,19.537358295185296
VHL18736,2.2235769565721046
VHL17988,7.004846950844711
VHL11233,5.244754439852271
VHL18205,5.5333492021550565
VHL17229,1.6665670173609626
VHL12503,1.8574411084188458
VHL16555,3.499429695207194
VHL11608,2.2055444777033033
VHL13099,3.5950907985824636
VHL10464,3.0527483112805456
VHL13660,2.172114770105471
VHL15246,5.3498892497653365
VHL18351,14.137962426317927
VHL14567,4.523462840006765
VHL18076,1.9288530056905864
VHL15135,2.5576383124368385
VHL14661,9.100649658115906
VHL13468,1.76494816325213
VHL18899,6.848868739862712
VHL10051,4.395088989550207
VHL12127,1.4575269984309813
VHL12196,8.44774056437557
VHL17014,18.11128508294862
VHL11559,2.8481580252433107
VHL10059,3.1913918956754346
VHL15739,13.346687213602966
VHL14808,8.505084263061187
VHL15611,2.2418164785569297
VHL14636,33.854627705910005
VHL11570,2.382034091837757
VHL16463,1.4438102697055553
VHL16394,5.022546749489719
VHL13693,1.541975500330091
VHL12291,3.9089509086968532
VHL15561,15.916299909077026
VHL19493,5.3531954738912475
VHL12756,6.58355599904016
VHL10950,1.8811741191600049
VHL16866,1.4081189161816081
VHL12609,20.942062963986295
VHL12574,8.594711223315175
VHL17135,2.0168012429527975
VHL13752,16.741443333818687
VHL13546,3.3792306563675276
VHL11097,27.719811946505683
VHL18181,4.1273877692313645
VHL10940,3.410625354397523
VHL16905,2.277381370006404
VHL19185,14.119741454043861
VHL10923,20.372615279618763
VHL18309,2.859087746220969
VHL19349,4.073766246090131
VHL13590,4.1681886590676225
VHL20000,1.3498566044570297
VHL12384,16.201603785815013
VHL13167,3.088222370365011
VHL18928,2.0049045129732304
VHL11333,2.001573419953978
VHL18531,2.804506998135733
VHL19725,6.112222294312777
VHL13535,3.224287091793805
VHL15299,5.322112194146727
VHL19132,5.778202619711755
VHL19736,12.42522877562099
VHL11914,7.337992319914474
VHL14981,3.2689311089142556
VHL11507,3.455763146867035
VHL18768,4.235439205159304
VHL13208,4.855092161640171
VHL17200,2.638969261079704
VHL19398,16.04435832529183
VHL10666,4.836446925638716
VHL12919,17.347144733324974
VHL17972,1.9103345657092567
VHL10315,16.034320914767527
VHL13868,4.517523206943899
VHL16268,4.41609098885529
VHL15979,2.67383662515517
VHL14334,12.17029393219455
VHL19984,2.9487078125516932
VHL15905,16.77609299027127
VHL14849,13.723985242585716
VHL10077,1.3208257026361572
VHL12763,3.638597060459003
VHL13814,1.4025462598130574
VHL18236,3.862845872643534
VHL18380,6.750160042399978
VHL11075,1.5890746493588093
VHL10482,7.437608878717924
VHL10117,7.369123744798413
VHL13673,4.644169594544249
VHL17221,13.032945074709522
VHL11240,4.6387482437131995
VHL12562,2.0526321384153974
VHL13799,2.9153152704097343
VHL13466,4.098594426342928
VHL14698,5.5797581858557415
VHL15372,5.41990271011372
VHL13032,2.788323571700783
VHL13600,2.283423609939345
VHL17335,6.598593793876032
VHL15519,4.112559307887143
VHL19609,10.98968955968395
VHL12581,2.3074221038592326
VHL18738,3.097743755511824
VHL15107,1.926434234498157
VHL16177,2.652167340315163
VHL11709,11.073839510848801
VHL14469,13.338936390647785
VHL13687,7.336596466684883
VHL16412,5.869958636606816
VHL14864,8.120471384332735
VHL15725,4.832756853903596
VHL17141,6.013546724342988
VHL10991,3.4798012031823418
VHL10678,5.785275446275831
VHL13889,5.233143423403737
VHL17084,3.8364577667320092
VHL15443,2.8194945068543826
VHL10783,6.823438347484607
VHL19744,4.992966080468625
VHL18331,5.7208289529086676
VHL16307,13.726588012017976
VHL18003,5.492272586196553
VHL10838,4.222998047844415
VHL13320,26.610295852683784
VHL19953,2.4645336071118855
VHL19152,9.406860728182371
VHL15913,11.433410084594424
VHL15341,4.266849559484869
VHL14269,6.00972211685978
VHL10263,2.4870380279329676
VHL10559,4.339272887404368
VHL17221,3.8626259881895892
VHL12379,2.4868361913441657
VHL18253,4.3427737430645745
VHL11172,2.997061359212166
VHL17213,9.366228477375236
VHL18445,3.717465607308587
VHL10808,5.1957870693973165
VHL13851,8.094269422512266
VHL18936,2.006142753985914
VHL17750,3.3865774103084787
VHL14279,5.757939701459205
VHL17407,2.7376698959800114
VHL17737,3.3979388095864302
VHL11196,3.5441450491072133
VHL10773,6.125267028610437
VHL12028,4.467920173509262
VHL19833,3.824937374753806
VHL13566,1.5405102419547194
VHL18282,3.63968375597862
VHL11015,1.260804672985595
VHL16696,2.8458743965446125
VHL13980,2.2487218676693423
VHL18337,17.935830273430668
VHL11330,8.342329710761552
VHL14873,5.416334211523241
VHL15435,1.8714443405533725
VHL13861,3.013289279249679
VHL12073,2.944017956394431
VHL15320,3.7261012071811974
VHL17850,4.075040255876065
VHL16757,2.7355485582719927
VHL15181,9.291749303515232
VHL14613,2.8234892665356797
VHL17238,1.9451837288207217
VHL12083,5.5958138615260005
VHL16344,20.710899197594948
VHL19413,6.3214188451825155
VHL17430,2.0638771585627547
VHL14996,11.93032285928866
VHL13423,3.1498459628921447
VHL13162,4.073084518928608
VHL14672,10.77348186505409
VHL12020,2.0863102201586523
VHL16103,1.6076025326717165
VHL10650,4.217470241978395
VHL15234,2.778768929051781
VHL11305,1.6874564530157798
VHL18180,2.7501954883818325
VHL17458,2.7326156455171313
VHL15835,2.343837925017146
VHL17211,10.808679143851725
VHL17209,12.28876708555644
VHL18693,6.232807287224094
VHL18975,4.10314096120768
VHL18976,1.7155392338630242
VHL15391,6.193268658787977
VHL13071,5.8824282227692715
VHL19241,4.370952433233067
VHL14944,5.610023034954442
VHL19128,1.9393575338392743
VHL18577,3.1690269689152997
VHL15429,3.913991906311881
VHL12217,2.475989596247117
VHL15705,5.316832349895977
VHL19888,3.8626323605319177
VHL11906,3.7972955668328225
VHL15757,9.5186727140898
VHL11938,3.3471978504497613
VHL10969,4.410334913551799
VHL11777,11.440787985776966
VHL16275,3.148197358366615
VHL14235,13.289249109209347
VHL10496,8.79278418634195
VHL18481,2.6141809561953617
VHL17185,7.110588287004222
VHL15960,7.9413704741614195
VHL11313,8.799976122174385
VHL11288,7.685996993541657
VHL12337,10.027357208641272
VHL14268,7.641799513081469
VHL10015,3.4475448238041766
VHL16136,5.5584838194587505
VHL17903,6.347152289108577
VHL14018,15.8327689834598
VHL17473,10.629073116461633
VHL11480,14.218549691284466
VHL13881,3.0798553400494235
